t,tau_cmd,tau_meas,tau_pred,q,dq_raw,dq_filt,ddq
0.000021803,0.000147376,1.823999882,-3.419677979,4.939281940,8.272860527,8.272860527,-116.356072977
0.051075195,0.343760711,-0.056999996,-2.006685642,7.103489876,0.000000000,2.332488321,-74.580723100
0.102125212,0.678528224,-0.056999996,-0.143712360,7.103489876,0.000000000,0.657632478,-21.021898923
0.152878789,0.994103900,0.000000000,0.380122896,7.103489876,0.000000000,0.185415924,-5.961786219
0.203360707,1.282985982,-0.018999999,0.528695633,7.103489876,0.000000000,0.052277018,-1.690558733
0.253884786,1.539865116,0.056999996,0.570939551,7.103489876,0.000000000,0.014739223,-0.476192434
0.304356217,1.757825129,-0.056999996,0.582828066,7.103489876,0.000000000,0.004155644,-0.134433995
0.354986373,1.932155607,-0.037999999,0.586189970,7.103489876,0.000000000,0.001171661,-0.037791745
0.405940944,2.058345437,0.018999999,0.841107756,7.103489876,0.000000000,0.000330344,7.234489763
0.456366543,2.131416784,1.804999948,1.276737857,7.138396740,1.012290955,0.726974129,19.482353389
0.507024523,2.151076101,1.823999882,1.509289091,7.278022766,2.460914135,1.972039120,25.808956433
0.557997385,2.115983906,1.804999948,1.586277749,7.470009327,3.892084122,3.350737809,27.664809739
0.608964388,2.026759567,1.843000054,1.644501715,7.731808662,5.358160973,4.792178859,28.969868528
0.659855156,1.885932926,1.843000054,1.697290816,8.098327637,6.894050598,6.301439219,30.103141059
0.710301627,1.698847147,1.804999948,1.372167494,8.517207146,8.447393417,7.842353227,20.447839775
0.760999888,1.467937419,0.037999999,0.693459501,8.953538895,8.569566727,8.364532810,0.957315480
0.811931970,1.198555495,0.037999999,0.221366930,9.354965210,7.766715050,7.935266537,-12.404142936
0.862301523,0.902006477,0.037999999,0.038620643,9.704030991,6.789330959,7.112421303,-17.414203229
0.912792009,0.582131313,0.000000000,-0.018134425,10.000736237,5.811946392,6.178608266,-18.802696269
0.963292707,0.247571563,0.018999999,-0.022624340,10.245082855,4.834561825,5.213508456,-18.692489310
1.013845113,-0.093555854,0.037999999,-0.008309109,10.454522133,3.926990747,4.289717463,-18.056024948
1.064275607,-0.431521256,0.018999999,0.004398298,10.594148636,3.036872864,3.390105629,-17.471397230
1.115014396,-0.760627500,0.037999999,0.026634703,10.716321945,2.181661606,2.522375868,-16.622806479
1.165882860,-1.071208452,0.018999999,0.051979649,10.786134720,1.378810167,1.701232337,-15.697040472
1.216385771,-1.352569659,0.037999999,0.121937020,10.803587914,0.628318548,0.930820793,-13.511136040
1.266778432,-1.599455818,0.000000000,0.304215955,10.803587914,0.104719758,0.337634481,-8.164777715
1.317389430,-1.807139765,0.000000000,0.482028320,10.803587914,0.017453292,0.107726648,-3.035534405
1.367943210,-1.969078212,0.000000000,0.553371094,10.803587914,0.000000000,0.030372946,-0.981230262
1.418883200,-2.082113358,0.000000000,0.330753261,10.803587914,0.000000000,0.008563488,-7.326494031
1.469628091,-2.141813082,-1.786000013,-1.312875848,10.768681526,-0.994837701,-0.711934158,-20.516980203
1.520580645,-2.147104294,-1.861999989,-1.602520238,10.646508217,-2.617993832,-2.080590606,-28.441771529
1.571426589,-2.097657878,-1.804999948,-1.669529463,10.437068939,-4.206243515,-3.606927164,-29.976487193
1.621807610,-1.995976943,-1.804999948,-1.671883261,10.140362740,-5.707226753,-5.115058633,-29.671263797
1.672492657,-1.843339014,-1.843000054,-1.676128198,9.773843765,-7.190756321,-6.605524574,-29.424350975
1.723372373,-1.643213195,-1.823999882,-1.310177039,9.337511063,-8.691740036,-8.103542860,-18.614939823
1.773892587,-1.403035974,-0.018999999,-0.611093308,8.883726120,-8.656832695,-8.500835616,1.426010243
1.824327468,-1.128081457,-0.037999999,-0.159982021,8.482299805,-7.749261856,-7.961164016,14.161672752
1.874893096,-0.824049233,-0.018999999,0.013779522,8.150687218,-6.719517708,-7.069593175,18.898455104
1.925281300,-0.500431952,0.000000000,0.056170268,7.853981495,-5.654866695,-6.053741182,19.856919106
1.975823951,-0.163259744,-0.037999999,0.033557713,7.627089024,-4.677482605,-5.065511274,18.967845333
2.026432458,0.178463629,-0.037999999,0.022353926,7.435102463,-3.769911289,-4.135198704,18.418531313
2.077316336,0.517492162,-0.037999999,0.025865722,7.295476437,-2.827433348,-3.196150723,18.286853871
2.127892830,0.841412908,-0.037999999,0.018185964,7.190756321,-1.919862151,-2.279704817,17.841494077
2.178280377,1.143053936,-0.056999996,-0.013890312,7.138396740,-1.047197580,-1.394696336,16.707933739
2.228815673,1.416863835,0.000000000,-0.180140726,7.138396740,-0.279252678,-0.593745990,11.767524485
2.279446877,1.655450586,-0.018999999,-0.403787022,7.138396740,-0.052359879,-0.205000767,5.291552196
2.330298042,1.852997248,0.018999999,-0.522991903,7.138396740,0.000000000,-0.057798859,1.854633204
2.380762579,2.002398885,0.018999999,-0.569165260,7.120943546,0.000000000,-0.016296076,0.527192271
2.431301848,2.101684550,0.018999999,-0.338788552,7.120943546,0.000000000,-0.004594591,7.096290256
2.481818745,2.148091181,1.804999948,1.281103477,7.155849934,0.977384388,0.700520722,19.613423585
2.532338528,2.140505743,1.823999882,1.565678942,7.295476437,2.478367567,1.977113256,27.416344410
2.583073837,2.078739299,1.823999882,1.682267401,7.487462521,4.066617012,3.477492719,30.371822510
2.634030331,1.963663429,1.843000054,1.725146970,7.784168243,5.689773560,5.066032931,31.202829628
2.684887587,1.798740182,1.823999882,1.731772889,8.150687218,7.278022766,6.654364185,30.999675602
2.735282796,1.590103142,1.804999948,1.371725230,8.587019920,8.813912392,8.205039444,20.345672945
2.785873973,1.340656581,0.018999999,0.684291610,9.058259010,8.901179314,8.704906439,0.611740691
2.836330385,1.058208265,0.037999999,0.227458044,9.477137566,8.098327637,8.269349252,-12.312868784
2.887046657,0.747579650,0.000000000,0.054665082,9.843656540,7.138396740,7.457262689,-17.041645640
2.937854878,0.417403388,0.037999999,-0.001866278,10.157815933,6.178465366,6.539015361,-18.427600243
2.988343192,0.078776009,0.037999999,-0.025307388,10.419615746,5.218534470,5.590836922,-18.862194593
3.038839652,-0.261883743,0.000000000,-0.015623114,10.629055023,4.258603573,4.634219567,-18.349733039
3.089322074,-0.595875449,0.037999999,0.003315605,10.803587914,3.385938644,3.737884705,-17.588152963
3.139798001,-0.914871086,0.037999999,0.016775622,10.925761223,2.513274193,2.858546509,-16.987061194
3.190361521,-1.211398938,0.000000000,0.038259009,11.013027191,1.692969322,2.021597512,-16.167551898
3.241048764,-1.478031258,0.037999999,0.071112592,11.065387726,0.907571197,1.221664896,-15.032823169
3.291944536,-1.708121799,0.000000000,0.227773281,11.065387726,0.209439516,0.494830992,-10.384281262
3.342860808,-1.894701086,0.037999999,0.434530299,11.065387726,0.034906585,0.164579786,-4.404554319
3.393394333,-2.032055761,0.037999999,0.535323628,11.065387726,0.000000000,0.046402381,-1.500030544
3.444500102,-2.118977658,0.018999999,0.298136084,11.065387726,0.000000000,0.013082901,-8.258084480
3.495636448,-2.151397836,-1.823999882,-1.359577258,11.030481339,-1.117010713,-0.798386925,-21.827891636
3.546354683,-2.128825395,-1.804999948,-1.649272044,10.890854836,-2.757620335,-2.205225062,-29.744693255
3.596758954,-2.052956859,-1.786000013,-1.728245921,10.663961411,-4.433136463,-3.804988883,-31.602596321
3.647337122,-1.925194103,-1.804999948,-1.725321399,10.367256165,-6.021386147,-5.396484915,-31.126214170
3.697733004,-1.749643757,-1.861999989,-1.712360554,9.983283043,-7.557275772,-6.948052466,-30.373383178
3.748312544,-1.529454989,-1.823999882,-1.333750187,9.512043953,-9.058259010,-8.463297678,-19.198587659
3.798739514,-1.271561796,0.000000000,-0.634427681,9.040805817,-9.058259010,-8.890512878,0.856562094
3.849427191,-0.980254241,0.000000000,-0.180555548,8.621926308,-8.168141365,-8.371810110,13.676161019
3.900377451,-0.662454009,-0.056999996,-0.009104585,8.255407333,-7.155849934,-7.498683335,18.351583149
3.951385933,-0.327328425,-0.037999999,0.037863006,7.941247940,-6.108652592,-6.500564248,19.444989794
4.002271019,0.015350711,-0.056999996,0.028541893,7.696901798,-5.131268024,-5.517333695,18.936317175
4.053019230,0.356726028,-0.018999999,0.018024167,7.487462521,-4.206243515,-4.575898307,18.403828187
4.103942171,0.690172046,-0.056999996,0.010911556,7.312929630,-3.281219006,-3.646246838,17.971386928
4.154899814,1.006199250,-0.018999999,-0.000208628,7.190756321,-2.391101122,-2.744982674,17.431630173
4.205438541,1.294233432,0.000000000,-0.015430027,7.103489876,-1.535889745,-1.876786963,16.783042367
4.256328507,1.551356348,-0.018999999,-0.071508589,7.068583488,-0.715584993,-1.042979614,14.977407597
4.306862179,1.767538535,0.018999999,-0.268138394,7.068583488,-0.087266460,-0.356724619,9.198680664
4.357862292,1.940629633,0.000000000,-0.476844400,7.068583488,-0.017453292,-0.113109010,3.184745732
4.408289789,2.062912926,0.000000000,-0.314700265,7.068583488,0.000000000,-0.031890474,7.790199621
4.459099576,2.133862627,1.786000013,1.311122524,7.103489876,0.959931076,0.680292349,20.474775517
4.509845168,2.150570935,1.823999882,1.635037674,7.243116379,2.583087206,2.046604478,29.377792255
4.560536148,2.112807169,1.804999948,1.737093650,7.452556133,4.293509960,3.660007101,31.890793901
4.611639101,2.020619219,1.804999948,1.753708948,7.749261856,5.934119225,5.292945600,31.961594325
4.662497794,1.877269695,1.823999882,1.756686542,8.133234024,7.557275772,6.918860116,31.645084410
4.713547740,1.685294249,1.861999989,1.395066011,8.604473114,9.145524979,8.517728853,20.934312862
4.764581269,1.450145916,0.056999996,0.703843131,9.093165398,9.267698288,9.056248458,1.082740199
4.815426923,1.178864490,0.037999999,0.247636853,9.529498100,8.464846611,8.631589166,-11.826665326
4.866588526,0.875617059,0.000000000,0.073667280,9.913470268,7.539822578,7.847640268,-16.595954950
4.917546942,0.551125505,0.037999999,0.012993814,10.245082855,6.579891205,6.937326203,-18.102030744
4.968441938,0.212965883,0.037999999,0.004188996,10.541789055,5.637413502,6.003916863,-18.122740242
5.019537751,-0.131981557,0.056999996,0.008703388,10.786134720,4.729842186,5.089060657,-17.768071808
5.070416408,-0.472103498,0.000000000,0.008778344,10.978120804,3.839724302,4.191967936,-17.544433710
5.121519758,-0.801599066,0.000000000,0.021513410,11.117747307,2.949606419,3.299883535,-16.960875547
5.172567494,-1.110155767,0.056999996,0.035809133,11.239920616,2.129301786,2.459340985,-16.345522424
5.223475493,-1.389500570,0.056999996,0.047427165,11.292280197,1.308996916,1.633330210,-15.810144183
5.274423642,-1.633556634,0.000000000,0.137393035,11.327186584,0.541052043,0.849013970,-13.050021438
5.325556674,-1.836503834,0.000000000,0.332487123,11.327186584,0.087266460,0.302037054,-7.349493029
5.376278761,-1.991110962,0.000000000,0.493495269,11.327186584,0.017453292,0.097690146,-2.705937125
5.426879353,-2.095080187,0.000000000,0.303648528,11.327186584,0.000000000,0.027543209,-8.104400623
5.477904217,-2.146418259,-1.786000013,-1.331826545,11.292280197,-1.029744267,-0.731647777,-21.052721817
5.529014822,-2.142667554,-1.843000054,-1.641569658,11.152653694,-2.670353651,-2.123746006,-29.545084136
5.579909825,-2.084155031,-1.861999989,-1.745679101,10.943214417,-4.380776405,-3.744418881,-32.114870218
5.630780976,-1.972538380,-1.823999882,-1.758516934,10.629055023,-6.038839340,-5.391939890,-32.074309830
5.681307731,-1.811904182,-1.843000054,-1.739220585,10.245082855,-7.627089024,-6.996900803,-31.127561801
5.731909613,-1.605373815,-1.823999882,-1.355302057,9.791296959,-9.145524979,-8.539732003,-19.794528444
5.782749219,-1.357111871,-0.056999996,-0.647366668,9.302604675,-9.180432320,-8.999790328,0.514431405
5.833439858,-1.075176360,-0.018999999,-0.189286391,8.866272926,-8.290313721,-8.490346816,13.456362802
5.884288458,-0.765033713,-0.075999998,-0.030723974,8.499752998,-7.295476437,-7.632363683,17.767850765
5.934869183,-0.437182987,0.000000000,0.018757381,8.185594559,-6.318091869,-6.688643705,18.946399513
5.985192139,-0.100056909,-0.018999999,0.025390047,7.906341553,-5.340707302,-5.720750687,18.896629419
6.035687176,0.240720671,-0.018999999,0.000724648,7.696901798,-4.415682793,-4.783639633,17.961615591
6.086269794,0.576023617,-0.037999999,-0.018218645,7.522368908,-3.560471773,-3.905337342,17.204357444
6.136825243,0.896644242,-0.018999999,-0.017497038,7.382742882,-2.705260277,-3.043615520,17.012176362
6.187301163,1.194247161,0.000000000,-0.028713318,7.278022766,-1.850049019,-2.186568644,16.480595884
6.237706009,1.461529928,-0.056999996,-0.063522414,7.225663185,-1.064650893,-1.380969541,15.288682870
6.288493401,1.693836793,-0.018999999,-0.191766036,7.208209991,-0.349065840,-0.640005512,11.447309595
6.339313375,1.883221149,-0.018999999,-0.389808481,7.208209991,-0.052359879,-0.218043390,5.693540240
6.389804115,2.023950165,-0.018999999,-0.518354870,7.208209991,0.000000000,-0.061476156,1.987822418
6.440389390,2.113980866,0.000000000,-0.303342447,7.208209991,0.000000000,-0.017332870,8.110611199
6.491550121,2.150841934,1.786000013,1.352938671,7.260569572,1.082104087,0.772123778,21.644996372
6.542354488,2.132580929,1.823999882,1.658961921,7.400196075,2.740166903,2.185287778,30.026040357
6.593199515,2.060029889,1.823999882,1.766505141,7.627089024,4.468042850,3.824432393,32.689221427
6.643829287,1.935664460,1.823999882,1.785042418,7.923794746,6.161012173,5.502226130,32.803775250
6.694292865,1.763075022,1.861999989,1.773318388,8.325220108,7.784168243,7.140786995,32.064747674
6.744909776,1.545544893,1.843000054,1.396271524,8.796459198,9.372418404,8.743221987,20.913026505
6.795853002,1.287248682,0.000000000,0.692470583,9.285151482,9.459684372,9.257681674,0.708578452
6.846193670,0.999660016,0.000000000,0.237390266,9.738937378,8.656832695,8.826238818,-12.167031739
6.896784296,0.685519223,0.000000000,0.071094466,10.122909546,7.714355469,8.027844971,-16.713844037
6.947191229,0.355323051,0.000000000,0.027655322,10.471975327,6.789330959,7.138523292,-17.733457202
6.997819720,0.014737380,0.000000000,0.018342987,10.768681526,5.881759644,6.236097363,-17.776294787
7.048224243,-0.324723855,0.018999999,0.017999134,11.013027191,4.991641521,5.342509121,-17.565469411
7.098709617,-0.656580143,0.037999999,0.013246750,11.222467422,4.118977070,4.463945320,-17.484116424
7.149197244,-0.971968088,0.056999996,0.019358093,11.379547119,3.228859186,3.577085048,-17.090803974
7.199696135,-1.263016484,0.037999999,0.037685701,11.501719475,2.408554316,2.738015241,-16.360796361
7.250177909,-1.522261056,0.000000000,0.046596693,11.588986397,1.605702877,1.924952229,-15.905839147
7.300682330,-1.743387933,0.056999996,0.087954687,11.623892784,0.820304751,1.131754139,-14.530166743
7.351213700,-1.920800206,0.000000000,0.252296283,11.641345978,0.191986218,0.456948705,-9.675356841
7.401761036,-2.049940291,0.000000000,0.196756274,11.641345978,0.034906585,0.153899080,-11.184928596
7.452177034,-2.127362533,-1.843000054,-1.360780292,11.606439590,-0.994837701,-0.670957573,-21.893674144
7.502678609,-2.151523819,-1.823999882,-1.639145520,11.466813087,-2.600540638,-2.056505120,-29.492532772
7.553194166,-2.121625749,-1.823999882,-1.732741192,11.257373810,-4.276056767,-3.650266174,-31.769035847
7.603677689,-2.038474891,-1.861999989,-1.750584916,10.960667610,-5.899212837,-5.265134478,-31.879341427
7.654299941,-1.903719780,-1.823999882,-1.752926981,10.594148636,-7.504915714,-6.873421498,-31.549054088
7.704777063,-1.721505881,-1.804999948,-1.725730114,10.122909546,-9.075712204,-8.454788240,-30.382752535
7.755259407,-1.496066278,-1.804999948,-1.317497786,9.599310875,-10.524335861,-9.940838093,-18.370135935
7.805696887,-1.233324384,-0.018999999,-0.606443049,9.040805817,-10.454522133,-10.309691694,2.005290748
7.856212698,-0.939204979,-0.018999999,-0.165318993,8.552113533,-9.512043953,-9.736936423,14.447877578
7.906797638,-0.621033252,-0.056999996,-0.016790572,8.133234024,-8.499752998,-8.848570180,18.465622517
7.957261821,-0.288019422,-0.037999999,0.019161707,7.766715050,-7.487462521,-7.871219470,19.249921778
8.007690763,0.051980276,-0.056999996,0.017340035,7.435102463,-6.527531624,-6.906377151,18.959726913
8.058194275,0.391173701,-0.075999998,0.008776735,7.155849934,-5.585053444,-5.957593523,18.481177773
8.108767480,0.720984439,-0.037999999,-0.000862274,6.911503792,-4.677482605,-5.038402961,17.979248485
8.159282066,1.032285997,-0.056999996,-0.010557311,6.719517708,-3.787364483,-4.140088022,17.480875281
8.209772991,1.317518023,-0.037999999,-0.029889578,6.579891205,-2.932153225,-3.272723914,16.715221543
8.260293720,1.569807321,0.018999999,-0.042849327,6.457718372,-2.129301786,-2.451683476,16.142795173
8.310684387,1.782142691,0.037999999,-0.054680342,6.387905121,-1.326450229,-1.643703662,15.605793144
8.361204378,1.950278183,-0.037999999,-0.136541771,6.370451927,-0.575958669,-0.877003600,13.081216413
8.411670035,2.069288839,0.000000000,-0.052129669,6.352998257,-0.104719758,-0.322461014,15.352330468
8.462178663,2.136429705,1.823999882,1.448220404,6.405358315,1.064650893,0.673562186,24.387446826
8.512802150,2.149860043,1.861999989,1.683098052,6.544984818,2.722713709,2.144966510,30.724530655
8.563533473,2.108883645,1.804999948,1.758424567,6.771877289,4.433136463,3.787999310,32.467701443
8.614344443,2.014263427,1.843000054,1.769219801,7.086036682,6.091198921,5.441824237,32.367315098
8.665434482,1.867490733,1.823999882,1.768992662,7.470009327,7.731808662,7.086159928,31.954834980
8.716390627,1.673280856,1.843000054,1.397202552,7.941247940,9.337511063,8.702754776,20.949577769
8.767299331,1.436520539,0.000000000,0.699494931,8.429940224,9.424777985,9.221207443,0.917968749
8.817797370,1.165428065,0.094999999,0.247473593,8.883726120,8.639379501,8.803422745,-11.873749821
8.868326503,0.864873112,0.000000000,0.082030246,9.267698288,7.714355469,8.021412102,-16.400289244
8.919366574,0.539227196,0.056999996,0.036789512,9.616764069,6.789330959,7.136709580,-17.472437134
8.970532682,0.198898507,0.037999999,0.020445597,9.913470268,5.881759644,6.235585997,-17.716187095
9.021360721,-0.144278396,0.037999999,0.023523079,10.175269127,4.974188328,5.329832584,-17.404757134
9.072545724,-0.486135088,0.037999999,0.027234628,10.384709358,4.118977070,4.460371239,-17.084199885
9.123285851,-0.812665066,0.037999999,0.027234558,10.559242249,3.246312380,3.588609715,-16.868956527
9.173700267,-1.116707707,0.018999999,0.047899267,10.681414604,2.426007748,2.753797090,-16.073329280
9.224177957,-1.393122525,0.018999999,0.071726417,10.751228333,1.658062816,1.966999173,-15.199341896
9.274692955,-1.634740814,0.000000000,0.087166507,10.803587914,0.925024509,1.218803635,-14.574144526
9.325246900,-1.835412028,0.037999999,0.221868439,10.821041107,0.209439516,0.494024275,-10.552530296
9.375814139,-1.989918656,-0.018999999,0.432397221,10.803587914,0.017453292,0.151819906,-4.462254400
9.426791428,-2.094944779,0.000000000,0.286196375,10.803587914,0.000000000,0.042804802,-8.606028731
9.477266247,-2.146114844,-1.804999948,-1.343446074,10.768681526,-1.012290955,-0.714812407,-21.388350469
9.527818885,-2.143388277,-1.786000013,-1.652380009,10.646508217,-2.670353651,-2.118999365,-29.854644439
9.578659749,-2.086238021,-1.881000042,-1.743455846,10.419615746,-4.380776405,-3.743080591,-32.051777564
9.629141657,-1.976937894,-1.804999948,-1.747826343,10.122909546,-6.003932476,-5.366497504,-31.775619870
9.679651350,-1.817917648,-1.804999948,-1.733784835,9.738937378,-7.574728966,-6.952130038,-30.983549724
9.730346952,-1.612387107,-1.843000054,-1.352600098,9.267698288,-9.110618591,-8.502044407,-19.726754688
9.781377647,-1.364293509,-0.037999999,-0.652150149,8.779006004,-9.128071785,-8.951566749,0.366065607
9.832433190,-1.081065001,0.000000000,-0.199567137,8.360127449,-8.272860527,-8.464218079,13.156631179
9.883275843,-0.771427260,-0.037999999,-0.032454836,7.993607998,-7.278022766,-7.612464125,17.713560851
9.933736819,-0.444674693,-0.018999999,0.000887015,7.679448605,-6.300638676,-6.670500772,18.432129523
9.984143505,-0.107136874,0.000000000,0.001183671,7.400196075,-5.393067360,-5.753232808,18.214111012
10.034762799,0.234510613,-0.037999999,0.002850331,7.173303127,-4.468042850,-4.830395214,18.033799589
10.085181655,0.568933530,-0.018999999,-0.003203875,6.998770237,-3.577924967,-3.931052185,17.639034997
10.135649786,0.889415509,-0.018999999,-0.013270982,6.859143734,-2.705260277,-3.050865682,17.134523767
10.186142863,1.187726585,-0.075999998,-0.029076207,6.771877289,-1.867502332,-2.201145234,16.473842777
10.236772731,1.456893990,-0.075999998,-0.040712798,6.702064514,-1.064650893,-1.385079331,15.940390583
10.287145371,1.688202832,0.000000000,-0.181915962,6.702064514,-0.279252678,-0.591034527,11.716212627
10.337653690,1.877769799,0.000000000,-0.404171485,6.702064514,-0.052359879,-0.204236285,5.280395790
10.388245265,2.020350537,0.000000000,-0.522885773,6.702064514,0.000000000,-0.057583317,1.857607572
10.438644792,2.111753600,0.037999999,-0.321365297,6.702064514,0.000000000,-0.016235305,7.596199968
10.489122996,2.150343948,1.823999882,1.315291618,6.736970901,0.994837701,0.709771131,20.586429270
10.539763305,2.134833925,1.786000013,1.637466872,6.859143734,2.600540638,2.067448393,29.441943759
10.590382846,2.065444419,1.823999882,1.763726030,7.086036682,4.328416348,3.690948650,32.642899636
10.641511751,1.942453075,1.861999989,1.801510717,7.382742882,6.056292534,5.389396608,33.301427188
10.692271053,1.770872762,1.804999948,1.796203037,7.784168243,7.749261856,7.083910601,32.731624386
10.742707604,1.555863784,1.881000042,1.409868974,8.255407333,9.337511063,8.702120590,21.311071072
10.793368480,1.300666214,0.000000000,0.717961360,8.744099617,9.442231178,9.233560997,1.441712849
10.844250620,1.011271618,0.018999999,0.268866024,9.180432320,8.691740036,8.844503528,-11.273628296
10.894627231,0.699324103,0.056999996,0.094131045,9.581857681,7.801621914,8.095656750,-16.073419756
10.945260653,0.368186893,0.056999996,0.035185510,9.930923462,6.876597404,7.220304599,-17.538835020
10.995768629,0.028600902,0.075999998,0.020873887,10.245082855,5.969026089,6.321817303,-17.725260446
11.046301097,-0.311867496,0.037999999,0.017990784,10.489428520,5.078907967,5.429339538,-17.587146783
11.097167145,-0.646643528,-0.018999999,0.032413278,10.716321945,4.188790321,4.538556469,-16.955772426
11.147621779,-0.962455482,0.056999996,0.046751513,10.873401642,3.385938644,3.710913012,-16.342391469
11.198133040,-1.254447564,0.018999999,0.043532513,11.013027191,2.565634012,2.888539237,-16.231169249
11.248864260,-1.515972834,0.000000000,0.047939248,11.100294113,1.745329261,2.067651136,-15.902773448
11.299775230,-1.739787496,0.056999996,0.075070111,11.152653694,0.959931076,1.272246761,-14.932415602
11.350724137,-1.919306853,0.000000000,0.215605414,11.152653694,0.261799395,0.546689570,-10.744199971
11.401206529,-2.048798674,-0.018999999,0.164734501,11.152653694,0.034906585,0.179201032,-12.104665270
11.451730324,-2.126908490,-1.786000013,-1.387502016,11.117747307,-1.012290955,-0.676356227,-22.654635367
11.502200191,-2.151548602,-1.823999882,-1.674332178,10.995573997,-2.670353651,-2.108156852,-30.483554020
11.552646950,-2.122237877,-1.881000042,-1.769138181,10.768681526,-4.398229599,-3.752555963,-32.782081416
11.603203576,-2.039498097,-1.823999882,-1.775070818,10.454522133,-6.073745728,-5.419298816,-32.539789565
11.653742896,-1.905471446,-1.843000054,-1.757571941,10.070549965,-7.679448605,-7.042211585,-31.639885778
11.704209054,-1.723806259,-1.843000054,-1.724408216,9.599310875,-9.232791901,-8.615169618,-30.305443033
11.754599561,-1.499268575,-1.406000018,-1.310517895,9.058259010,-10.681414604,-10.098847996,-18.132005662
11.805114560,-1.236547676,-0.056999996,-0.599905332,8.517207146,-10.576695442,-10.441968937,2.224453458
11.855610829,-0.942863539,-0.018999999,-0.173258264,8.028514862,-9.651670456,-9.874490842,14.255356275
11.906212511,-0.624819001,-0.037999999,-0.037208049,7.592182159,-8.656832695,-9.000144830,17.920595487
11.956633070,-0.292230618,-0.018999999,-0.009771385,7.208209991,-7.696901798,-8.064344129,18.472227712
12.007113935,0.048082290,-0.037999999,-0.010710018,6.859143734,-6.771877289,-7.136281330,18.216304597
12.057721291,0.388029440,0.000000000,-0.021904860,6.562438011,-5.864306450,-6.222932894,17.671434348
12.108112480,0.716811446,-0.037999999,-0.028370503,6.300638676,-5.009094715,-5.351329830,17.271781883
12.158693952,1.028796320,-0.018999999,-0.025073184,6.091198921,-4.136430264,-4.478964631,17.150450548
12.209123453,1.314044173,0.018999999,-0.031728786,5.934119225,-3.281219006,-3.618916913,16.748232197
12.259698470,1.567052967,0.018999999,-0.050236959,5.811946392,-2.460914135,-2.787406761,16.014940144
12.310106323,1.779950425,0.037999999,-0.063198839,5.724679947,-1.692969322,-2.001540044,15.451137673
12.360589782,1.948519956,-0.018999999,-0.080328949,5.672319889,-0.925024509,-1.228542247,14.771604990
12.411131250,2.068288183,0.000000000,0.040492831,5.654866695,-0.226892799,-0.509302448,18.040717671
12.461702017,2.136045390,1.823999882,1.507127231,5.707226753,1.029744267,0.595818362,26.087085364
12.512095070,2.150046913,1.804999948,1.719887104,5.846852779,2.722713709,2.123047059,31.779428960
12.562722506,2.109963674,1.823999882,1.789938386,6.056292534,4.468042850,3.806883959,33.362037592
12.613235620,2.016886061,1.804999948,1.798991910,6.370451927,6.161012173,5.497278444,33.202935916
12.664230355,1.871519664,1.823999882,1.792084310,6.771877289,7.836528301,7.176989445,32.591146934
12.714671044,1.680563433,1.843000054,1.423069068,7.260569572,9.442231178,8.803558512,21.662586037
12.765285630,1.446625134,0.018999999,0.719687733,7.749261856,9.581857681,9.362420436,1.459144814
12.816337019,1.173713476,0.000000000,0.256158553,8.203047752,8.779006004,8.943496551,-11.660578237
12.867288547,0.871292742,0.018999999,0.099741243,8.604473114,7.871434689,8.173696738,-15.932645634
12.918377093,0.545699479,0.000000000,0.059449391,8.953538895,6.981317043,7.317502055,-16.870654946
12.969490274,0.205913363,0.000000000,0.037459949,9.267698288,6.108652592,6.449481166,-17.283628956
13.020469193,-0.138265163,0.037999999,0.025616921,9.546951294,5.201081276,5.553060879,-17.400142791
13.071548041,-0.479563310,0.018999999,0.029279023,9.756390572,4.328416348,4.673698255,-17.078551406
13.122429181,-0.807300439,0.037999999,0.037659534,9.948376656,3.473205328,3.811677822,-16.626639259
13.173442988,-1.115220848,0.037999999,0.048167327,10.070549965,2.652900457,2.979611474,-16.121437789
13.224350271,-1.394009953,0.000000000,0.053188166,10.175269127,1.850049019,2.168523049,-15.777943012
13.275083359,-1.636455358,0.000000000,0.065555381,10.227629662,1.064650893,1.375881683,-15.229431928
13.325623419,-1.836738851,0.018999999,0.189965263,10.245082855,0.331612557,0.626038594,-11.495231933
13.376129576,-1.990728588,-0.018999999,0.393051077,10.245082855,0.052359879,0.214105493,-5.600065955
13.426629767,-2.094695398,-0.018999999,0.246037896,10.245082855,0.000000000,0.060365887,-9.755971021
13.477184817,-2.146075496,-1.843000054,-1.378638368,10.210176468,-1.099557400,-0.772523297,-22.378036435
13.527612658,-2.143509500,-1.823999882,-1.675544400,10.070549965,-2.757620335,-2.197932952,-30.495968762
13.578179147,-2.087030282,-1.843000054,-1.779259076,9.843656540,-4.502949238,-3.853062352,-33.045985669
13.628608774,-1.978356729,-1.823999882,-1.783834979,9.529498100,-6.195919037,-5.535363255,-32.761148643
13.679207435,-1.819520917,-1.823999882,-1.754539712,9.128071785,-7.801621914,-7.162662531,-31.523644604
13.729768165,-1.614974876,-1.843000054,-1.374510961,8.656832695,-9.337511063,-8.724324271,-20.296926020
13.780704172,-1.367810602,-0.056999996,-0.677748727,8.168141365,-9.407324791,-9.214756485,-0.299204687
13.831136427,-1.088634649,-0.037999999,-0.228042671,7.731808662,-8.587019920,-8.764006853,12.418326216
13.881672819,-0.781532602,-0.018999999,-0.060061944,7.347836018,-7.644542217,-7.960169222,17.011860530
13.932226019,-0.454661348,-0.037999999,-0.013863812,6.998770237,-6.684610844,-7.044247636,18.103612009
13.983221191,-0.113363018,-0.018999999,-0.018176390,6.702064514,-5.759586334,-6.121789646,17.752823798
14.034131171,0.230266131,-0.037999999,-0.027792401,6.457718372,-4.886921883,-5.235086176,17.259571927
14.084653140,0.565487433,-0.018999999,-0.027489198,6.248278618,-4.031710625,-4.370995859,17.054870179
14.135087476,0.885953164,-0.018999999,-0.027899814,6.091198921,-3.176499128,-3.513281027,16.831379388
14.185724511,1.185367628,-0.075999998,-0.042415565,5.969026089,-2.338741302,-2.669896431,16.209047799
14.236595026,1.456009843,0.000000000,-0.066294773,5.899212837,-1.553343058,-1.868149248,15.329884224
14.287084066,1.687945893,-0.037999999,-0.101289818,5.846852779,-0.820304751,-1.115738845,14.145799366
14.337559866,1.877460102,-0.018999999,-0.251335723,5.846852779,-0.174532920,-0.439900845,9.698549600
14.388076569,2.019958085,0.000000000,-0.449418398,5.846852779,-0.017453292,-0.136560097,3.972921241
14.438585550,2.111676853,0.000000000,-0.265765429,5.846852779,0.000000000,-0.038502381,9.187802777
14.489079624,2.150333912,1.823999882,1.389654900,5.881759644,1.117010713,0.791220040,22.687690124
14.539592123,2.134977786,1.843000054,1.696645535,6.021386147,2.827433348,2.253334009,31.084244662
14.590100071,2.065979075,1.823999882,1.790290977,6.265731812,4.590216160,3.931344865,33.341365550
14.640570936,1.945179582,1.823999882,1.794916275,6.579891205,6.283185482,5.620096729,33.056344855
14.691233134,1.774848083,1.861999989,1.784751876,6.981317043,7.923794746,7.274279539,32.357951878
14.742129424,1.558560685,1.823999882,1.410885653,7.470009327,9.546951294,8.906183773,21.289689080
14.792582286,1.304895548,0.018999999,0.712893846,7.976154804,9.651670456,9.441484514,1.245813098
14.843231663,1.017345837,0.075999998,0.258316371,8.412487030,8.866272926,9.028450725,-11.619997769
14.894100890,0.702687753,0.018999999,0.097779576,8.831365585,7.958701611,8.260311593,-16.009992303
14.944691515,0.371976617,0.056999996,0.053301800,9.180432320,7.068583488,7.404584788,-17.067529561
14.995092289,0.033172117,0.018999999,0.040419443,9.494590759,6.195919037,6.536695814,-17.220737111
15.045686435,-0.307756016,0.056999996,0.039926279,9.773843765,5.323254108,5.665377440,-17.019669744
15.096060755,-0.639506790,0.000000000,0.042775891,10.000736237,4.485496044,4.818157228,-16.729192595
15.146568154,-0.956080559,0.018999999,0.044049610,10.175269127,3.647738218,3.977731534,-16.485348790
15.197145985,-1.249020912,0.000000000,0.056190281,10.332348824,2.827433348,3.151753705,-15.935069277
15.247615674,-1.509972123,0.037999999,0.067663779,10.437068939,2.059488535,2.367446797,-15.414111235
15.298149617,-1.733299829,-0.018999999,0.062686823,10.489428520,1.291543603,1.594888695,-15.365338345
15.348773364,-1.913311202,0.000000000,0.144286419,10.524335861,0.506145477,0.813110744,-12.844508137
15.399724740,-2.045717476,0.018999999,0.062686323,10.524335861,0.087266460,0.291914334,-15.043637165
15.450671845,-2.125815916,-1.823999882,-1.460611359,10.471975327,-1.117010713,-0.719771909,-24.729515672
15.501044973,-2.151588406,-1.843000054,-1.690454290,10.332348824,-2.792526722,-2.208124703,-30.918788744
15.551675877,-2.123308698,-1.823999882,-1.758232298,10.105456352,-4.485496044,-3.843403501,-32.448536797
15.602340991,-2.041348078,-1.786000013,-1.772488681,9.808750153,-6.143558979,-5.495042571,-32.447426809
15.653237972,-1.907054172,-1.881000042,-1.754907605,9.407324791,-7.784168243,-7.138761630,-31.540040870
15.704115802,-1.724183396,-1.823999882,-1.710003981,8.918632507,-9.320057869,-8.705053181,-29.872338472
15.754846716,-1.498069861,-1.197000027,-1.300686686,8.377580643,-10.751228333,-10.174320306,-17.832914686
15.805809070,-1.232702955,-0.037999999,-0.602576789,7.819075108,-10.646508217,-10.513377387,2.165875800
15.856583145,-0.936951486,-0.018999999,-0.183854088,7.330382824,-9.738937378,-9.957286554,13.973530764
15.907142641,-0.618800112,-0.018999999,-0.044830319,6.876597404,-8.761552811,-9.098683478,17.727483996
15.957565786,-0.285983146,-0.018999999,-0.013184658,6.492624760,-7.801621914,-8.167321413,18.400282803
16.008129858,0.054947400,-0.037999999,-0.012666275,6.143558979,-6.876597404,-7.240510064,18.186233152
16.058731209,0.394742036,-0.018999999,-0.017100319,5.829399586,-5.969026089,-6.327514125,17.834316145
16.109601471,0.726293359,-0.018999999,-0.025012889,5.567600250,-5.078907967,-5.430945726,17.387222812
16.160143893,1.037393428,-0.056999996,-0.028482008,5.358160973,-4.223696709,-4.564074045,17.074220818
16.210652366,1.322212341,0.000000000,-0.036941757,5.183628082,-3.368485451,-3.705575194,16.620917739
16.261037673,1.573242038,-0.037999999,-0.052725597,5.061454773,-2.565634012,-2.887034269,15.968545307
16.311690507,1.785944307,0.000000000,-0.057161365,4.974188328,-1.780235887,-2.092291710,15.645776867
16.362199967,1.953110919,0.000000000,-0.056720324,4.921828270,-0.994837701,-1.304258929,15.463786487
16.412676924,2.071142985,-0.018999999,0.070454346,4.904375076,-0.226892799,-0.530650358,18.900704794
16.463095933,2.137155809,1.804999948,1.518333658,4.939281940,1.047197580,0.602331880,26.405164368
16.513673080,2.149615289,1.823999882,1.728170712,5.078907967,2.740166903,2.137415870,32.012188771
16.564122789,2.108090217,1.843000054,1.806870447,5.305800915,4.502949238,3.835999887,33.837871802
16.614688949,2.013443608,1.786000013,1.818973845,5.619960308,6.230825424,5.555617305,33.758558890
16.665059279,1.868749007,1.804999948,1.811907800,6.021386147,7.906341553,7.243567554,33.140215601
16.715532707,1.676920336,1.843000054,1.435604231,6.510077953,9.546951294,8.897524695,21.996977258
16.766040425,1.442844393,0.000000000,0.726041738,7.016223431,9.686577797,9.464108539,1.615298732
16.816593638,1.172259313,0.037999999,0.256484756,7.470009327,8.901179314,9.059894167,-11.680012161
16.867224262,0.871690033,0.056999996,0.085935463,7.871434689,7.976154804,8.281709261,-16.353154175
16.918175086,0.547020179,0.018999999,0.047856801,8.237954140,7.051130295,7.398085385,-17.221255001
16.968653085,0.211545607,0.037999999,0.051214118,8.534660339,6.195919037,6.534863342,-16.912343513
17.019176867,-0.129546688,0.037999999,0.055050555,8.813912392,5.358160973,5.689925847,-16.594278714
17.070184798,-0.470575969,0.037999999,0.049127353,9.040805817,4.520402908,4.850143581,-16.555901284
17.120544344,-0.795476709,0.000000000,0.043936462,9.232791901,3.682644606,4.011814633,-16.496991985
17.171036841,-1.101280179,0.037999999,0.053434001,9.372418404,2.862339973,3.186428142,-16.022259462
17.221792903,-1.380797532,0.018999999,0.056730220,9.477137566,2.076941729,2.389755428,-15.731522514
17.272602232,-1.625517166,0.000000000,0.063875422,9.546951294,1.274090409,1.588646132,-15.329889688
17.323102887,-1.827807805,0.018999999,0.151534021,9.581857681,0.541052043,0.836415536,-12.643508976
17.373679466,-1.984386241,0.000000000,0.335232893,9.581857681,0.104719758,0.311017429,-7.273381399
17.424716861,-2.091703510,0.000000000,0.227407561,9.581857681,0.017453292,0.100222114,-10.297281927
17.475583797,-2.145273339,-1.843000054,-1.374495091,9.546951294,-1.064650893,-0.736221243,-22.268803888
17.526002837,-2.144424846,-1.843000054,-1.657666182,9.407324791,-2.705260277,-2.150100361,-29.997764711
17.576517521,-2.089732763,-1.786000013,-1.749586070,9.180432320,-4.398229599,-3.764381709,-32.221395858
17.627175497,-1.982145397,-1.823999882,-1.771033506,8.883726120,-6.056292534,-5.410100662,-32.426887723
17.677520092,-1.825582707,-1.861999989,-1.761404899,8.482299805,-7.679448605,-7.039618215,-31.749869412
17.728109480,-1.622361285,-1.843000054,-1.378866107,8.028514862,-9.232791901,-8.614438431,-20.448297607
17.778668033,-1.378406641,-0.037999999,-0.682101173,7.539822578,-9.302604675,-9.108579921,-0.449583394
17.829282762,-1.099423720,-0.037999999,-0.227149531,7.103489876,-8.482299805,-8.658876099,12.417847258
17.880344684,-0.789890061,-0.037999999,-0.068208819,6.719517708,-7.522368908,-7.842800969,16.750474339
17.931393434,-0.460160518,-0.037999999,-0.025287690,6.387905121,-6.597344398,-6.948494149,17.754079143
17.982333733,-0.119352966,-0.037999999,-0.006748802,6.091198921,-5.672319889,-6.032130325,18.056682469
18.033236702,0.224253835,-0.018999999,-0.013406776,5.846852779,-4.747295380,-5.109547650,17.638956053
18.084201976,0.562544456,0.000000000,-0.027881045,5.654866695,-3.892084122,-4.235341385,17.010197656
18.135221918,0.886781223,0.000000000,-0.039515457,5.497786999,-3.036872864,-3.374774587,16.465819977
18.186211241,1.188111952,-0.056999996,-0.050090107,5.375614166,-2.234021425,-2.555650615,15.961906838
18.237123753,1.458639118,-0.037999999,-0.058108107,5.305800915,-1.431169987,-1.748211223,15.533812629
18.287516063,1.689755126,0.000000000,-0.120327767,5.270894527,-0.680678427,-0.981663530,13.569596918
18.338255880,1.879753642,0.000000000,-0.292761961,5.270894527,-0.139626339,-0.377034175,8.501255451
18.389070153,2.022261374,0.000000000,-0.470042135,5.270894527,-0.017453292,-0.118835179,3.380208682
18.439537035,2.112900624,0.000000000,-0.302533759,5.270894527,0.000000000,-0.033504937,8.137673778
18.490116585,2.150562924,1.804999948,1.338449589,5.305800915,0.994837701,0.704902051,21.248262021
18.540703518,2.134032769,1.843000054,1.677584279,5.427973747,2.670353651,2.116205193,30.574339942
18.591826162,2.062690085,1.823999882,1.796397487,5.672319889,4.485496044,3.817487292,33.543679184
18.642713343,1.938946157,1.843000054,1.813205760,5.986479282,6.213372231,5.537865419,33.598395040
18.693649349,1.765564671,1.843000054,1.802107441,6.387905121,7.906341553,7.238562505,32.861875224
18.744128849,1.549212635,1.843000054,1.425722941,6.876597404,9.512043953,8.871048144,21.721629663
18.794653921,1.293734098,0.037999999,0.735807098,7.365289211,9.651670456,9.431578213,1.901908460
18.845177870,1.005735077,0.018999999,0.275424589,7.819075108,8.918632507,9.063254777,-11.140542755
18.896266338,0.688836970,0.000000000,0.101237908,8.237954140,7.993607998,8.295189127,-15.919947569
18.947192008,0.355317858,0.037999999,0.060034698,8.587019920,7.103489876,7.439483040,-16.884075947
18.998347840,0.011167644,0.018999999,0.046516465,8.918632507,6.230825424,6.571599908,-17.055424659
19.049168920,-0.331034772,0.037999999,0.036855500,9.180432320,5.358160973,5.700283523,-17.115888867
19.100218936,-0.666288264,0.000000000,0.038942836,9.407324791,4.485496044,4.827998810,-16.840968644
19.151288144,-0.984556063,0.018999999,0.046305241,9.599310875,3.647738218,3.980506314,-16.421687203
19.202243990,-1.276918504,0.000000000,0.055421496,9.756390572,2.827433348,3.152536040,-15.957193690
19.253144334,-1.536365304,0.037999999,0.058932571,9.861110687,2.042035341,2.355135012,-15.660147691
19.303531508,-1.754604603,0.000000000,0.054402674,9.913470268,1.256637096,1.566352648,-15.594615570
19.354151157,-1.929665020,0.000000000,0.153969797,9.948376656,0.471238911,0.780000312,-12.560093853
19.404720324,-2.055927587,0.000000000,0.095033314,9.948376656,0.104719758,0.295111461,-14.121659605
19.455632646,-2.130733236,-1.843000054,-1.431737165,9.913470268,-1.029744267,-0.656208354,-23.921512077
19.506162284,-2.151196818,-1.843000054,-1.693621067,9.773843765,-2.705260277,-2.127541160,-31.029024571
19.557155724,-2.117007371,-1.766999960,-1.775951670,9.546951294,-4.468042850,-3.808151046,-32.962723823
19.608021692,-2.028889632,-1.843000054,-1.768660416,9.232791901,-6.143558979,-5.485103332,-32.340671470
19.658488819,-1.890361181,-1.843000054,-1.756359275,8.831365585,-7.714355469,-7.085829875,-31.594522159
19.709068370,-1.703949901,-1.881000042,-1.387079675,8.360127449,-9.302604675,-8.677596999,-20.667012775
19.759614765,-1.474768692,-0.037999999,-0.688113271,7.888888359,-9.372418404,-9.176517263,-0.604317008
19.810049249,-1.209103249,0.000000000,-0.238999194,7.452556133,-8.569566727,-8.740693151,12.100011672
19.860610167,-0.912373180,-0.037999999,-0.077188031,7.068583488,-7.644542217,-7.953596050,16.521679405
19.911308402,-0.591779303,-0.037999999,-0.032258495,6.719517708,-6.719517708,-7.067459428,17.584595600
19.962267839,-0.254451800,-0.018999999,-0.023674400,6.422811508,-5.811946392,-6.165931508,17.606880307
20.013249615,0.089534260,-0.018999999,-0.018392103,6.161012173,-4.921828270,-5.272596455,17.536997079
20.064016501,0.429805284,-0.018999999,-0.021837052,5.969026089,-4.031710625,-4.381571679,17.218720962
20.114512744,0.757454622,-0.037999999,-0.039060819,5.794493198,-3.193952560,-3.528795353,16.516818545
20.165112275,1.066688024,-0.037999999,-0.050710272,5.672319889,-2.391101122,-2.711867863,15.982786666
20.216114476,1.351143016,0.000000000,-0.049457250,5.602507114,-1.588249564,-1.905047672,15.819321033
